Country Name,,Indicator Name,,1960,1961,1962,1963,1964,1965,1966,1967,1968,1969,1970,1971,1972,1973,1974,1975,1976,1977,1978,1979,1980,1981,1982,1983,1984,1985,1986,1987,1988,1989,1990,1991,1992,1993,1994,1995,1996,1997,1998,1999,2000,2001,2002,2003,2004,2005,2006,2007,2008,2009,2010,2011,2012,2013,2014
Aruba,,"Intentional homicide count and rate per 100,000 population, by country/territory (2000-2012)",PH,,,,,,,,,,,,,,,,,,,,,,,,,,,,,,,,,,,,,,,,,,,5.3,4.1,2,12,9.9,5.9,4.9,3.9,3.9,,,,
Andorra,,,CJ,,,,,,,,,,,,,,,,,,,,,,,,,,,,,,,,,,,,,,,,,,,,,1.3,,,0,1.3,1.3,1.3,,,,
Afghanistan,,Southern Asia,CJ,,,,,,,,,,,,,,,,,,,,,,,,,,,,,,,,,,,,,,,,,,,,,,,,,,4,3.5,4.2,6.5,,
Angola,,Middle Africa,PH,,,,,,,,,,,,,,,,,,,,,,,,,,,,,,,,,,,,,,,,,,,,,,,,,,,,,10,,
Albania,,Southern Europe,CJ,,,,,,,,,,,,,,,,,,,,,,,,,,,,,,,,,,,,,,,,,,,,,,4.8,3,3.3,2.9,2.7,4,4.5,5,,
Arab World,,,PH,,,,,,,,,,,,,,,,,,,,,,,,,,,,,,,,,,,,,,,,,,,5.3,4.1,2,12,9.9,5.9,4.9,3.9,3.9,,,,
United Arab Emirates,,,CJ,,,,,,,,,,,,,,,,,,,,,,,,,,,,,,,,,,,,,,,,,,,,,1.3,,,0,1.3,1.3,1.3,,,,
Argentina,,South America,CJ,,,,,,,,,,,,,,,,,,,,,,,,,,,,,,,,,,,,,,,,,7.2,8.2,9.2,7.6,5.9,5.5,5.3,5.3,5.8,5.5,5.5,,,,
Armenia,,Western Asia,CJ,,,,,,,,,,,,,,,,,,,,,,,,,,,,,,,,,,,,,,,,,,,,,2.7,1.9,2.6,2.6,2.8,2.8,1.5,2.2,1.8,,
American Samoa,,Southern Asia,CJ,,,,,,,,,,,,,,,,,,,,,,,,,,,,,,,,,,,,,,,,,,,,,,,,,,4,3.5,4.2,6.5,,
Antigua and Barbuda,,,CJ,,,,,,,,,,,,,,,,,,,,,,,,,,,,,,,,,,,,,,,,,6.4,8.9,6.2,6.2,4.9,3.6,13.2,20.1,18.7,18.5,6.9,,11.2,,
Australia,Oceania,Australia and New Zealand,CJ,,,,,,,,,,,,,,,,,,,,,,,,,,,,,,,,,,,,,,,,,1.9,1.8,1.9,1.7,1.5,1.3,1.3,1.2,1.2,1.2,1,1.1,1.1,,
Austria,,Western Europe,CJ,,,,,,,,,,,,,,,,,,,,,,,,,,,,,,,,,,,,,,,,,1,0.9,0.8,0.6,0.7,0.7,0.7,0.5,0.5,0.5,0.6,0.8,0.9,,
Azerbaijan,,,CJ,,,,,,,,,,,,,,,,,,,,,,,,,,,,,,,,,,,,,,,,,2.8,2.7,2.6,2.2,2.4,2.2,2.2,2,1.9,1.8,2.1,,,,
Burundi,Africa,Eastern Africa,PH,,,,,,,,,,,,,,,,,,,,,,,,,,,,,,,,,,,,,,,,,,,,,,,,,,,,,8,,
Belgium,,,CJ,,,,,,,,,,,,,,,,,,,,,,,,,,,,,,,,,,,,,,,,,2.1,2.7,3.1,2.2,2.6,2.1,2.1,2,1.9,1.7,1.7,1.9,1.6,,
Benin,,Western Africa,PH,,,,,,,,,,,,,,,,,,,,,,,,,,,,,,,,,,,,,,,,,,,,,,,,,,,,,8.4,,
Burkina Faso,,,PH,,,,,,,,,,,,,,,,,,,,,,,,,,,,,,,,,,,,,,,,,,,,,,,,,,,,,8,,
Bangladesh,,,CJ,,,,,,,,,,,,,,,,,,,,,,,,,,,,,,,,,,,,,,,,,2.5,2.7,2.6,2.5,2.8,2.5,2.9,2.6,2.8,2.8,2.6,,2.7,,
Bulgaria,,,CJ,,,,,,,,,,,,,,,,,,,,,,,,,,,,,,,,,,,,,,,,,,,,3.2,3.2,2.6,2.4,2.3,2.3,2,2,1.7,1.9,,
Bahrain,,,CJ,,,,,,,,,,,,,,,,,,,,,,,,,,,,,,,,,,,,,,,,,,,,0.4,0.9,0.5,0.7,0.4,0.5,1.1,0.9,0.5,,,
"Bahamas, The",,,CJ,,,,,,,,,,,,,,,,,,,,,,,,,,,,,,,,,,,,,,,,,24.9,14.2,16.8,15.8,13.6,15.8,18.2,22.8,21,24.5,26.1,34.7,29.8,,
Bosnia and Herzegovina,,,CJ,,,,,,,,,,,,,,,,,,,,,,,,,,,,,,,,,,,,,,,,,,,,,,,,,,1.8,1.5,1.3,,,
Belarus,Europe,Eastern Europe,CJ,,,,,,,,,,,,,,,,,,,,,,,,,,,,,,,,,,,,,,,,,10.1,9.8,10,9,8.4,8.5,7.6,6.8,5.7,5,5.1,,,,
Belize,,Central Americas,CJ,,,,,,,,,,,,,,,,,,,,,,,,,,,,,,,,,,,,,,,,,17.2,26.1,34.6,25.9,29.8,29.8,33,33.9,35.1,32.2,41.8,39.2,44.7,,
Bermuda,,Northern America,CJ,,,,,,,,,,,,,,,,,,,,,,,,,,,,,,,,,,,,,,,,,0,4.8,1.6,3.1,1.6,3.1,4.7,4.7,7.7,9.3,10.8,12.3,7.7,,
Bolivia,,,CJ,,,,,,,,,,,,,,,,,,,,,,,,,,,,,,,,,,,,,,,,,,,,,,7,6.3,8.1,8.6,8.4,10.4,10,12.1,,
Brazil,,,CJ,,,,,,,,,,,,,,,,,,,,,,,,,,,,,,,,,,,,,,,,,,,,,,,,23.5,23.9,23,22.2,23.4,25.2,,
Barbados,,,CJ,,,,,,,,,,,,,,,,,,,,,,,,,,,,,,,,,,,,,,,,,7.5,9.3,9.3,12.2,8.1,10.6,12.7,9.8,9,6.8,11.1,9.6,7.4,,
Brunei Darussalam,,South-Eastern Asia,PH,,,,,,,,,,,,,,,,,,,,,,,,,,,,,,,,,,,,,,,,,,,,,,,,,,,,,2,,
Bhutan,,,CJ,,,,,,,,,,,,,,,,,,,,,,,,,,,,,,,,,,,,,,,,,3.2,3.3,3.2,0.8,2.4,1.7,1.4,1.2,1,1.1,1.7,,,,
Botswana,,Southern Africa,PH,,,,,,,,,,,,,,,,,,,,,,,,,,,,,,,,,,,,,,,,,,,,,,,,,,,,,18.4,,
Central African Republic,,,PH,,,,,,,,,,,,,,,,,,,,,,,,,,,,,,,,,,,,,,,,,,,,,,,,,,,,,11.8,,
Canada,,,CJ,,,,,,,,,,,,,,,,,,,,,,,,,,,,,,,,,,,,,,,,,1.6,1.8,1.7,1.7,1.7,1.8,1.7,1.6,1.7,1.6,1.4,1.5,1.6,,
Central Europe and the Baltics,,,,,,,,,,,,,,,,,,,,,,,,,,,,,,,,,,,,,,,,,,,,,,,,,,,,,,,,,,
Switzerland,,,CJ,,,,,,,,,,,,,,,,,,,,,,,,,,,,,,,,,,,,,,,,,1,1.2,1.2,1,1.1,1,0.8,0.7,0.7,0.7,0.7,0.6,,,
Channel Islands,,,,,,,,,,,,,,,,,,,,,,,,,,,,,,,,,,,,,,,,,,,,,,,,,,,,,,,,,,
Chile,,,CJ,,,,,,,,,,,,,,,,,,,,,,,,,,,,,,,,,,,,,,,,,,,,3.2,,3.5,3.6,3.7,3.5,3.7,3.2,3.7,3.1,,
China,,Eastern Asia,CJ,,,,,,,,,,,,,,,,,,,,,,,,,,,,,,,,,,,,,,,,,,,2,1.9,1.9,1.6,1.4,1.2,1.1,1.1,1,,,,
Cote d'Ivoire,,,PH,,,,,,,,,,,,,,,,,,,,,,,,,,,,,,,,,,,,,,,,,,,,,,,,,,,,,13.6,,
Cameroon,,,PH,,,,,,,,,,,,,,,,,,,,,,,,,,,,,,,,,,,,,,,,,,,,,,,,,,,,,7.6,,
"Congo, Rep.",,,PH,,,,,,,,,,,,,,,,,,,,,,,,,,,,,,,,,,,,,,,,,,,,,,,,,,,,,12.5,,
Colombia,,,CJ,,,,,,,,,,,,,,,,,,,,,,,,,,,,,,,,,,,,,,,,,66.5,68.6,68.9,53.8,44.8,39.6,36.8,34.7,33,33.7,32.3,33.6,30.8,,
Comoros,,,PH,,,,,,,,,,,,,,,,,,,,,,,,,,,,,,,,,,,,,,,,,,,,,,,,,,,,,10,,
Cabo Verde,,,CJ,,,,,,,,,,,,,,,,,,,,,,,,,,,,,,,,,,,,,,,,,,,,,,,,,6.4,6.2,10.7,15.1,10.3,,
Costa Rica,,,CJ,,,,,,,,,,,,,,,,,,,,,,,,,,,,,,,,,,,,,,,,,6.4,6.4,6.3,7.2,6.6,7.8,8,8.3,11.3,11.4,11.3,10,8.5,,
Caribbean small states,,,,,,,,,,,,,,,,,,,,,,,,,,,,,,,,,,,,,,,,,,,,,,,,,,,,,,,,,,
Cuba,,,PH,,,,,,,,,,,,,,,,,,,,,,,,,,,,,,,,,,,,,,,,,,,,,,,,,,,,,4.2,,
Curacao,,,,,,,,,,,,,,,,,,,,,,,,,,,,,,,,,,,,,,,,,,,,,,,,,,,,,,,,,,
Cayman Islands,,,PH,,,,,,,,,,,,,,,,,,,,,,,,,,,,,,,,,,,,,,,,,9.6,4.9,0,7.4,12.3,,2,3.9,7.6,14.7,,,,,
Cyprus,,,CJ,,,,,,,,,,,,,,,,,,,,,,,,,,,,,,,,,,,,,,,,,,,,,1.6,1.9,1.4,1.2,0.8,1.7,0.7,0.8,2,,
Czech Republic,,,CJ,,,,,,,,,,,,,,,,,,,,,,,,,,,,,,,,,,,,,,,,,1.8,1.4,1.5,1.6,1.3,1.1,1.3,1.2,1.1,0.9,1,0.8,1,,
Germany,,,CJ,,,,,,,,,,,,,,,,,,,,,,,,,,,,,,,,,,,,,,,,,1.2,1.1,1.1,1,1,1,1,0.9,0.9,0.8,0.8,0.8,,,
Djibouti,,,PH,,,,,,,,,,,,,,,,,,,,,,,,,,,,,,,,,,,,,,,,,,,,,,,,,,,,,10.1,,
Dominica,,,CJ,,,,,,,,,,,,,,,,,,,,,,,,,,,,,,,,,,,,,,,,,2.9,1.4,12.9,11.4,11.4,11.3,7.1,9.9,9.9,18.3,21.1,,,,
Denmark,,Northern Europe,CJ,,,,,,,,,,,,,,,,,,,,,,,,,,,,,,,,,,,,,,,,,1.1,1,1,1.2,0.8,1,0.5,0.7,1,0.9,0.8,0.8,0.8,,
Dominican Republic,,,CJ,,,,,,,,,,,,,,,,,,,,,,,,,,,,,,,,,,,,,,,,,14,12.4,14.3,21,24.3,25.6,22.6,22,24.6,24,24.7,24.8,22.1,,
Algeria,,Northern Africa,CJ,,,,,,,,,,,,,,,,,,,,,,,,,,,,,,,,,,,,,,,,,,,,2,1.3,0.6,0.9,0.8,0.9,0.8,0.7,0.7,,,
East Asia & Pacific (developing only),,,,,,,,,,,,,,,,,,,,,,,,,,,,,,,,,,,,,,,,,,,,,,,,,,,,,,,,,,
East Asia & Pacific (all income levels),,,,,,,,,,,,,,,,,,,,,,,,,,,,,,,,,,,,,,,,,,,,,,,,,,,,,,,,,,
Europe & Central Asia (developing only),,,,,,,,,,,,,,,,,,,,,,,,,,,,,,,,,,,,,,,,,,,,,,,,,,,,,,,,,,
Europe & Central Asia (all income levels),,,,,,,,,,,,,,,,,,,,,,,,,,,,,,,,,,,,,,,,,,,,,,,,,,,,,,,,,,
Ecuador,,,CJ,,,,,,,,,,,,,,,,,,,,,,,,,,,,,,,,,,,,,,,,,14.6,13,14.6,14.6,17.7,15.4,17,15.9,18,17.8,17.6,15.4,12.4,,
"Egypt, Arab Rep.",,,CJ,,,,,,,,,,,,,,,,,,,,,,,,,,,,,,,,,,,,,,,,,,,,0.7,0.5,0.7,0.8,0.9,1.3,1.2,2.4,3.4,,,
Euro area,,,,,,,,,,,,,,,,,,,,,,,,,,,,,,,,,,,,,,,,,,,,,,,,,,,,,,,,,,
Eritrea,,,PH,,,,,,,,,,,,,,,,,,,,,,,,,,,,,,,,,,,,,,,,,,,,,,,,,,,,,7.1,,
Spain,,,CJ,,,,,,,,,,,,,,,,,,,,,,,,,,,,,,,,,,,,,,,,,1.4,1.4,1.4,1.4,1.2,1.2,1.1,1.1,0.9,0.9,0.8,0.8,0.8,,
Estonia,,,CJ,,,,,,,,,,,,,,,,,,,,,,,,,,,,,,,,,,,,,,,,,10.5,10.1,10.5,11,6.8,8.5,6.9,7.1,6.4,5.4,5.4,5,,,
Ethiopia,,,PH,,,,,,,,,,,,,,,,,,,,,,,,,,,,,,,,,,,,,,,,,,,,,,,,,,,,,12,,
European Union,,,,,,,,,,,,,,,,,,,,,,,,,,,,,,,,,,,,,,,,,,,,,,,,,,,,,,,,,,
Fragile and conflict affected situations,,,,,,,,,,,,,,,,,,,,,,,,,,,,,,,,,,,,,,,,,,,,,,,,,,,,,,,,,,
Finland,,,CJ,,,,,,,,,,,,,,,,,,,,,,,,,,,,,,,,,,,,,,,,,2.9,3,2.5,2,2.8,2.2,2.3,2.5,2.5,2.2,2.2,2.1,1.6,,
Fiji,,Melanesia,PH,,,,,,,,,,,,,,,,,,,,,,,,,,,,,,,,,,,,,,,,,,,,,,,,,,,,,4,,
France,,,CJ,,,,,,,,,,,,,,,,,,,,,,,,,,,,,,,,,,,,,,,,,1.8,1.8,1.9,1.6,1.6,1.6,1.4,1.3,1.3,1.1,1.1,1.2,1,,
Faeroe Islands,,,,,,,,,,,,,,,,,,,,,,,,,,,,,,,,,,,,,,,,,,,,,,,,,,,,,,,,,,
"Micronesia, Fed. Sts.",,Micronesia,CJ,,,,,,,,,,,,,,,,,,,,,,,,,,,,,,,,,,,,,,,,,1.3,5.1,1.3,5.1,5.7,4.4,6.9,0.6,0.6,3.2,1.9,2.5,,,
Gabon,,,PH,,,,,,,,,,,,,,,,,,,,,,,,,,,,,,,,,,,,,,,,,,,,,,,,,,,,,9.1,,
United Kingdom,,,CJ,,,,,,,,,,,,,,,,,,,,,,,,,,,,,,,,,,,,,,,,,1.7,1.8,2,1.7,1.6,1.5,1.4,1.4,1.2,1.2,1.2,1,,,
Georgia,,,CJ,,,,,,,,,,,,,,,,,,,,,,,,,,,,,,,,,,,,,,,,,5,5.6,6.3,6.6,6.6,9,7.3,7.5,6,4.8,4.3,,,,
Ghana,,,PH,,,,,,,,,,,,,,,,,,,,,,,,,,,,,,,,,,,,,,,,,,,,,,,,,,,,,6.1,,
Guinea,,,PH,,,,,,,,,,,,,,,,,,,,,,,,,,,,,,,,,,,,,,,,,,,,,,,,,,,,,8.9,,
"Gambia, The",,,PH,,,,,,,,,,,,,,,,,,,,,,,,,,,,,,,,,,,,,,,,,,,,,,,,,,,,,10.2,,
Guinea-Bissau,,,PH,,,,,,,,,,,,,,,,,,,,,,,,,,,,,,,,,,,,,,,,,,,,,,,,,,,,,8.4,,
Equatorial Guinea,,,PH,,,,,,,,,,,,,,,,,,,,,,,,,,,,,,,,,,,,,,,,,,,,,,,,,,,,,19.3,,
Greece,,,CJ,,,,,,,,,,,,,,,,,,,,,,,,,,,,,,,,,,,,,,,,,0.7,1.2,0.9,1.1,1,1.2,1,1.2,1.3,1.3,1.6,1.7,,,
Grenada,,,CJ,,,,,,,,,,,,,,,,,,,,,,,,,,,,,,,,,,,,,,,,,14.8,5.9,13.7,8.8,5.8,10.7,11.6,10.6,15.4,6.7,9.6,3.8,13.3,,
Greenland,,,CJ,,,,,,,,,,,,,,,,,,,,,,,,,,,,,,,,,,,,,,,,,23.1,30.2,21.2,8.8,19.3,17.6,17.6,3.5,10.6,19.4,,,,,
Guatemala,,,CJ,,,,,,,,,,,,,,,,,,,,,,,,,,,,,,,,,,,,,,,,,25.9,28.1,30.9,35.1,36.4,42.1,45.3,43.4,46.1,46.5,41.6,38.6,39.9,,
Guam,,Micronesia,CJ,,,,,,,,,,,,,,,,,,,,,,,,,,,,,,,,,,,,,,,,,1.3,5.1,1.3,5.1,5.7,4.4,6.9,0.6,0.6,3.2,1.9,2.5,,,
Guyana,,,CJ,,,,,,,,,,,,,,,,,,,,,,,,,,,,,,,,,,,,,,,,,9.9,10.6,18.9,27.3,17.3,18.7,20,14.9,20.4,15,17.8,16.4,17,,
High income,,,,,,,,,,,,,,,,,,,,,,,,,,,,,,,,,,,,,,,,,,,,,,,,,,,,,,,,,,
"Hong Kong SAR, China",,,CJ,,,,,,,,,,,,,,,,,,,,,,,,,,,,,,,,,,,,,,,,,0.6,1,1,0.8,0.7,0.5,0.5,0.3,0.5,0.7,0.5,0.2,0.4,,
Honduras,,,CJ,,,,,,,,,,,,,,,,,,,,,,,,,,,,,,,,,,,,,,,,,50.9,54.8,55.8,61.4,53.8,46.6,44.3,50,60.8,70.7,81.8,91.4,90.4,,
Heavily indebted poor countries (HIPC),,,,,,,,,,,,,,,,,,,,,,,,,,,,,,,,,,,,,,,,,,,,,,,,,,,,,,,,,,
Croatia,,,CJ,,,,,,,,,,,,,,,,,,,,,,,,,,,,,,,,,,,,,,,,,2.3,1.8,1.6,1.5,1.9,1.5,1.6,1.4,1.5,1.1,1.4,1.1,1.2,,
Haiti,,,CJ,,,,,,,,,,,,,,,,,,,,,,,,,,,,,,,,,,,,,,,,,,,,,,,,5.1,5.2,6.1,6.8,9.1,10.2,,
Hungary,,,CJ,,,,,,,,,,,,,,,,,,,,,,,,,,,,,,,,,,,,,,,,,2,2.5,2,2.2,2.1,1.6,1.7,1.5,1.5,1.4,1.3,1.4,1.3,,
Indonesia,,,CJ,,,,,,,,,,,,,,,,,,,,,,,,,,,,,,,,,,,,,,,,,1.1,,,0.7,0.6,,,,0.6,0.6,0.4,0.6,0.6,,
Isle of Man,,,,,,,,,,,,,,,,,,,,,,,,,,,,,,,,,,,,,,,,,,,,,,,,,,,,,,,,,,
India,,,CJ,,,,,,,,,,,,,,,,,,,,,,,,,,,,,,,,,,,,,,,,,4.5,4.3,4.2,3.7,3.8,3.7,3.6,3.6,3.6,3.5,3.5,3.6,3.5,,
Not classified,,,,,,,,,,,,,,,,,,,,,,,,,,,,,,,,,,,,,,,,,,,,,,,,,,,,,,,,,,
Ireland,,,CJ,,,,,,,,,,,,,,,,,,,,,,,,,,,,,,,,,,,,,,,,,1,1.3,1.3,1.1,0.7,1.3,1.5,1.8,1.1,1.3,1.2,0.9,1.2,,
"Iran, Islamic Rep.",,,PH,,,,,,,,,,,,,,,,,,,,,,,,,,,,,,,,,,,,,,,,,,,,,,,,,,,,,4.1,,
Iraq,,,PH,,,,,,,,,,,,,,,,,,,,,,,,,,,,,,,,,,,,,,,,,,,,,,,,,,,,,8,,
Iceland,,,CJ,,,,,,,,,,,,,,,,,,,,,,,,,,,,,,,,,,,,,,,,,1.8,0.4,1.4,0,1,1,0,0.7,0,0.3,0.6,0.9,0.3,,
Israel,,,CJ,,,,,,,,,,,,,,,,,,,,,,,,,,,,,,,,,,,,,,,,,2.4,3.6,3.6,3.1,2.7,2.5,2.7,1.8,1.9,1.8,2,2,1.8,,
Italy,,,CJ,,,,,,,,,,,,,,,,,,,,,,,,,,,,,,,,,,,,,,,,,1.3,1.2,1.1,1.2,1.2,1,1.1,1.1,1,1,0.9,0.9,0.9,,
Jamaica,,,CJ,,,,,,,,,,,,,,,,,,,,,,,,,,,,,,,,,,,,,,,,,34.4,43.7,39.8,36.8,55.2,62.4,49.7,58.5,59.5,61.6,52.6,41.1,39.3,,
Jordan,,,CJ,,,,,,,,,,,,,,,,,,,,,,,,,,,,,,,,,,,,,,,,,,,,,,1.3,1.8,1.7,1.7,1.5,1.7,2,,,
Japan,,,CJ,,,,,,,,,,,,,,,,,,,,,,,,,,,,,,,,,,,,,,,,,,,,0.6,0.6,0.5,0.5,0.5,0.5,0.4,0.4,0.3,,,
Kazakhstan,Asia,Central Asia,CJ,,,,,,,,,,,,,,,,,,,,,,,,,,,,,,,,,,,,,,,,,16,14.8,13.5,13.5,14,12,11.4,10.8,10.5,10.2,8.7,8.8,7.8,,
Kenya,,,CJ,,,,,,,,,,,,,,,,,,,,,,,,,,,,,,,,,,,,,,,,,,,,,4,3.5,3.5,3.4,3.6,5.6,5.5,6.3,6.4,,
Kyrgyz Republic,,,CJ,,,,,,,,,,,,,,,,,,,,,,,,,,,,,,,,,,,,,,,,,8.7,7.7,8.2,8.4,8.4,8.3,8.3,8.3,8.3,8,20.1,9.1,,,
Cambodia,,,PH,,,,,,,,,,,,,,,,,,,,,,,,,,,,,,,,,,,,,,,,,,,,,,,,,,,,,6.5,,
Kiribati,,,PH,,,,,,,,,,,,,,,,,,,,,,,,,,,,,,,,,,,,,,,,,,,,,,,,,,,,,8.2,,
St. Kitts and Nevis,,,CJ,,,,,,,,,,,,,,,,,,,,,,,,,,,,,,,,,,,,,,,,,6.6,13,10.7,21,22.7,16.3,34.1,31.7,45,52.2,40.1,64.2,33.6,,
"Korea, Rep.",,,,,,,,,,,,,,,,,,,,,,,,,,,,,,,,,,,,,,,,,,,,,,,,,,,,,,,,,,
Kosovo,,,CJ,,,,,,,,,,,,,,,,,,,,,,,,,,,,,,,,,,,,,,,,,,,,,,,,,4.4,3.2,3.6,,,,
Kuwait,,,PH,,,,,,,,,,,,,,,,,,,,,,,,,,,,,,,,,,,,,,,,,,,,,,,,,,,,,0.4,,
Latin America & Caribbean (developing only),,,,,,,,,,,,,,,,,,,,,,,,,,,,,,,,,,,,,,,,,,,,,,,,,,,,,,,,,,
Lao PDR,,,PH,,,,,,,,,,,,,,,,,,,,,,,,,,,,,,,,,,,,,,,,,,,,,,,,,,,,,5.9,,
Lebanon,,,CJ,,,,,,,,,,,,,,,,,,,,,,,,,,,,,,,,,,,,,,,,,,,,,3.2,3.9,2.1,2.6,6,1.9,2.2,,,,
Liberia,,,CJ,,,,,,,,,,,,,,,,,,,,,,,,,,,,,,,,,,,,,,,,,,,,,,,,2.8,4.8,3.8,3.3,3.9,3.2,,
Libya,,,PH,,,,,,,,,,,,,,,,,,,,,,,,,,,,,,,,,,,,,,,,,,,,,,,,,,,,,1.7,,
St. Lucia,,,PH,,,,,,,,,,,,,,,,,,,,,,,,,,,,,,,,,,,,,,,,,14.7,21.4,26.2,22.3,22.6,24.8,25.6,17,22.6,22.3,24.8,,21.6,,
Latin America & Caribbean (all income levels),,,,,,,,,,,,,,,,,,,,,,,,,,,,,,,,,,,,,,,,,,,,,,,,,,,,,,,,,,
Least developed countries: UN classification,,,,,,,,,,,,,,,,,,,,,,,,,,,,,,,,,,,,,,,,,,,,,,,,,,,,,,,,,,
Low income,,,,,,,,,,,,,,,,,,,,,,,,,,,,,,,,,,,,,,,,,,,,,,,,,,,,,,,,,,
Liechtenstein,,,CJ,,,,,,,,,,,,,,,,,,,,,,,,,,,,,,,,,,,,,,,,,0,0,0,0,2.9,0,0,0,2.8,0,2.8,0,0,,
Sri Lanka,,,CJ,,,,,,,,,,,,,,,,,,,,,,,,,,,,,,,,,,,,,,,,,,,,6.7,7,6.1,10.2,8.2,7.3,4.7,3.6,3.4,,,
Lower middle income,,,,,,,,,,,,,,,,,,,,,,,,,,,,,,,,,,,,,,,,,,,,,,,,,,,,,,,,,,
Low & middle income,,,,,,,,,,,,,,,,,,,,,,,,,,,,,,,,,,,,,,,,,,,,,,,,,,,,,,,,,,
Lesotho,,,CJ,,,,,,,,,,,,,,,,,,,,,,,,,,,,,,,,,,,,,,,,,,,,,,,,45.8,38.1,36.3,38,,,,
Lithuania,,,CJ,,,,,,,,,,,,,,,,,,,,,,,,,,,,,,,,,,,,,,,,,,,,,10.3,11.3,8.9,8.7,9.5,8.1,7.1,6.9,6.7,,
Luxembourg,,,CJ,,,,,,,,,,,,,,,,,,,,,,,,,,,,,,,,,,,,,,,,,0.9,2,1.4,0.7,0.4,0.9,1.9,1.5,1.6,1,2,0.8,,,
Latvia,,,CJ,,,,,,,,,,,,,,,,,,,,,,,,,,,,,,,,,,,,,,,,,10,9.3,9.2,8.8,8,5.7,5.8,4.3,4.6,5.1,3.3,3.3,4.7,,
"Macao SAR, China",,,CJ,,,,,,,,,,,,,,,,,,,,,,,,,,,,,,,,,,,,,,,,,5.1,,,2.9,2.2,1.5,2.3,2.2,1.6,1.9,0.7,,,,
St. Martin (French part),,,,,,,,,,,,,,,,,,,,,,,,,,,,,,,,,,,,,,,,,,,,,,,,,,,,,,,,,,
Morocco,,,CJ,,,,,,,,,,,,,,,,,,,,,,,,,,,,,,,,,,,,,,,,,1.6,1.9,1.6,1.7,1.6,1.6,1.6,1.7,1.4,1.4,1.4,1.4,2.2,,
Monaco,,,CJ,,,,,,,,,,,,,,,,,,,,,,,,,,,,,,,,,,,,,,,,,,3.1,,,3,3,2.9,0,0,,,,,,
Moldova,,,CJ,,,,,,,,,,,,,,,,,,,,,,,,,,,,,,,,,,,,,,,,,10.5,10.1,10.1,8.2,7.2,7.9,7.1,5.9,6.5,6.8,7.5,8.6,6.5,,
Madagascar,,,PH,,,,,,,,,,,,,,,,,,,,,,,,,,,,,,,,,,,,,,,,,,,,,,,,,,,,,11.1,,
Maldives,,,PH,,,,,,,,,,,,,,,,,,,,,,,,,,,,,,,,,,,,,,,,,,,,,,,,,,,,,3.9,,
Middle East & North Africa (all income levels),,,,,,,,,,,,,,,,,,,,,,,,,,,,,,,,,,,,,,,,,,,,,,,,,,,,,,,,,,
Mexico,,,PH,,,,,,,,,,,,,,,,,,,,,,,,,,,,,,,,,,,,,,,,,10.3,9.8,9.5,9.3,8.5,9,9.3,7.8,12.2,17,21.8,22.8,21.5,,
Marshall Islands,,,PH,,,,,,,,,,,,,,,,,,,,,,,,,,,,,,,,,,,,,,,,,,,,,,,,,,,,,4.7,,
Middle income,,,,,,,,,,,,,,,,,,,,,,,,,,,,,,,,,,,,,,,,,,,,,,,,,,,,,,,,,,
"Macedonia, FYR",,,CJ,,,,,,,,,,,,,,,,,,,,,,,,,,,,,,,,,,,,,,,,,2.3,2.7,2.9,3.4,2.3,2.1,2.2,2,1.7,1.7,2,1.4,,,
Mali,,,PH,,,,,,,,,,,,,,,,,,,,,,,,,,,,,,,,,,,,,,,,,,,,,,,,,,,,,7.5,,
Malta,,,CJ,,,,,,,,,,,,,,,,,,,,,,,,,,,,,,,,,,,,,,,,,1,1.5,1.5,0,1.7,1,0,1,1.4,0.9,0.9,0.7,2.8,,
Myanmar,,,PH,,,,,,,,,,,,,,,,,,,,,,,,,,,,,,,,,,,,,,,,,,,,,,,,,,,,,15.2,,
Middle East & North Africa (developing only),,,,,,,,,,,,,,,,,,,,,,,,,,,,,,,,,,,,,,,,,,,,,,,,,,,,,,,,,,
Montenegro,,,CJ,,,,,,,,,,,,,,,,,,,,,,,,,,,,,,,,,,,,,,,,,,,,,,,,1.9,3.9,3.4,2.4,3.4,2.7,,
Mongolia,,,CJ,,,,,,,,,,,,,,,,,,,,,,,,,,,,,,,,,,,,,,,,,,,,13.9,13.3,15.8,13.1,11.3,8.1,8.2,8.8,9.7,,,
Northern Mariana Islands,,,,,,,,,,,,,,,,,,,,,,,,,,,,,,,,,,,,,,,,,,,,,,,,,,,,,,,,,,
Mozambique,,,PH,,,,,,,,,,,,,,,,,,,,,,,,,,,,,,,,,,,,,,,,,,,,,,,,,,,,,12.4,,
Mauritania,,,PH,,,,,,,,,,,,,,,,,,,,,,,,,,,,,,,,,,,,,,,,,,,,,,,,,,,,,5,,
Mauritius,,,CJ,,,,,,,,,,,,,,,,,,,,,,,,,,,,,,,,,,,,,,,,,,,,,,,,,,3.1,2.7,2.8,,,
Malawi,,,CJ,,,,,,,,,,,,,,,,,,,,,,,,,,,,,,,,,,,,,,,,,6.2,7.7,4.8,2.5,3.3,1.5,6.2,5,5.5,2.2,3.5,2.2,1.8,,
Malaysia,,,PH,,,,,,,,,,,,,,,,,,,,,,,,,,,,,,,,,,,,,,,,,,,,,,,,,,,,,2.3,,
North America,,,,,,,,,,,,,,,,,,,,,,,,,,,,,,,,,,,,,,,,,,,,,,,,,,,,,,,,,,
Namibia,,,CJ,,,,,,,,,,,,,,,,,,,,,,,,,,,,,,,,,,,,,,,,,20,18.3,17.7,,17.6,,,,16.8,18.1,14.4,13.9,17.2,,
New Caledonia,,,CJ,,,,,,,,,,,,,,,,,,,,,,,,,,,,,,,,,,,,,,,,,,,,,,,3.4,5.1,4.6,3.3,,,,,
Niger,,,PH,,,,,,,,,,,,,,,,,,,,,,,,,,,,,,,,,,,,,,,,,,,,,,,,,,,,,4.7,,
Nigeria,,,PH,,,,,,,,,,,,,,,,,,,,,,,,,,,,,,,,,,,,,,,,,,,,,,,,,,,,,20,,
Nicaragua,,,CJ,,,,,,,,,,,,,,,,,,,,,,,,,,,,,,,,,,,,,,,,,9.3,10.4,10.6,11.9,12,13.4,13.1,12.8,13,14,13.5,12.5,11.3,,
Netherlands,,,PH,,,,,,,,,,,,,,,,,,,,,,,,,,,,,,,,,,,,,,,,,1.1,1.3,1.2,1.3,1.2,1.1,0.8,0.9,0.9,0.9,0.9,0.9,0.9,,
High income: nonOECD,,,,,,,,,,,,,,,,,,,,,,,,,,,,,,,,,,,,,,,,,,,,,,,,,,,,,,,,,,
Norway,,,CJ,,,,,,,,,,,,,,,,,,,,,,,,,,,,,,,,,,,,,,,,,1.1,0.8,1,1.1,0.8,0.7,0.7,0.6,0.7,0.6,0.6,2.2,,,
Nepal,,,CJ,,,,,,,,,,,,,,,,,,,,,,,,,,,,,,,,,,,,,,,,,2.7,3.6,3.6,3.1,3.8,3.6,2.5,3.4,3.4,3,3,2.9,,,
New Zealand,,,CJ,,,,,,,,,,,,,,,,,,,,,,,,,,,,,,,,,,,,,,,,,1.3,1.3,1.5,1.1,1.1,1.5,1.2,1.1,1.2,1.5,1,0.9,0.9,,
High income: OECD,,,,,,,,,,,,,,,,,,,,,,,,,,,,,,,,,,,,,,,,,,,,,,,,,,,,,,,,,,
OECD members,,,,,,,,,,,,,,,,,,,,,,,,,,,,,,,,,,,,,,,,,,,,,,,,,,,,,,,,,,
Oman,,,CJ,,,,,,,,,,,,,,,,,,,,,,,,,,,,,,,,,,,,,,,,,,0.6,0.6,,,,,0.7,0.7,,,1.1,,,
Other small states,,,,,,,,,,,,,,,,,,,,,,,,,,,,,,,,,,,,,,,,,,,,,,,,,,,,,,,,,,
Pakistan,,,CJ,,,,,,,,,,,,,,,,,,,,,,,,,,,,,,,,,,,,,,,,,6.2,6.5,6.3,6.1,6.3,6.1,6.2,6.4,7.2,7.3,7.6,7.9,7.7,,
Panama,,,CJ,,,,,,,,,,,,,,,,,,,,,,,,,,,,,,,,,,,,,,,,,9.8,9.8,12,10.4,9.3,10.8,10.8,12.7,18.4,22.6,20.6,20.3,17.2,,
Peru,,,CJ,,,,,,,,,,,,,,,,,,,,,,,,,,,,,,,,,,,,,,,,,5,4.9,4.2,4.9,5.6,11,11.2,10.4,11.6,10.3,9.3,9.6,9.6,,
Philippines,,,CJ,,,,,,,,,,,,,,,,,,,,,,,,,,,,,,,,,,,,,,,,,7.4,7.4,8.1,7.8,7.5,7.5,7.1,6.5,6.4,6.9,9.5,9.1,8.8,,
Palau,,,PH,,,,,,,,,,,,,,,,,,,,,,,,,,,,,,,,,,,,,,,,,,,,,,,,,,,,,3.1,,
Papua New Guinea,,,CJ,,,,,,,,,,,,,,,,,,,,,,,,,,,,,,,,,,,,,,,,,8.6,7.9,8.3,10.5,5.2,9.9,9.8,8.1,9.2,10.4,10.4,,,,
Poland,,,CJ,,,,,,,,,,,,,,,,,,,,,,,,,,,,,,,,,,,,,,,,,2.2,2,1.9,1.7,1.7,1.5,1.3,1.4,1.2,1.3,1.1,1.2,,,
Puerto Rico,,,CJ,,,,,,,,,,,,,,,,,,,,,,,,,,,,,,,,,,,,,,,,,18.3,19.7,20.6,20.8,21.1,20.5,19.9,19.6,21.6,24,26.5,,26.5,,
"Korea, Dem. Rep.",,,PH,,,,,,,,,,,,,,,,,,,,,,,,,,,,,,,,,,,,,,,,,,,,,,,,,,,,,5.2,,
Portugal,,,CJ,,,,,,,,,,,,,,,,,,,,,,,,,,,,,,,,,,,,,,,,,1.1,1,1.1,1.4,1.4,1.3,1.5,1.8,1.2,1.2,1.2,1.1,1.2,,
Paraguay,,,CJ,,,,,,,,,,,,,,,,,,,,,,,,,,,,,,,,,,,,,,,,,18.6,24.1,24.6,22.6,20.9,18.2,15.5,12.8,13.4,12.9,11.5,10,9.7,,
Pacific island small states,,,,,,,,,,,,,,,,,,,,,,,,,,,,,,,,,,,,,,,,,,,,,,,,,,,,,,,,,,
French Polynesia,,,CJ,,,,,,,,,,,,,,,,,,,,,,,,,,,,,,,,,,,,,,,,,,,,,,,1.2,2.7,3.4,0.4,,,,,
Qatar,,,PH,,,,,,,,,,,,,,,,,,,,,,,,,,,,,,,,,,,,,,,,,,,,,,,,,,,,,1.1,,
Romania,,,CJ,,,,,,,,,,,,,,,,,,,,,,,,,,,,,,,,,,,,,,,,,2.5,2.7,2.5,2.5,2.3,2.1,2,1.9,2.1,1.8,1.8,1.5,1.7,,
Russian Federation,,,CJ,,,,,,,,,,,,,,,,,,,,,,,,,,,,,,,,,,,,,,,,,,,,,,,,,11.6,11.1,10.1,9.6,9.2,,
Rwanda,,,PH,,,,,,,,,,,,,,,,,,,,,,,,,,,,,,,,,,,,,,,,,,,,,,,,,,,,,23.1,,
South Asia,,,,,,,,,,,,,,,,,,,,,,,,,,,,,,,,,,,,,,,,,,,,,,,,,,,,,,,,,,
Saudi Arabia,,,PH,,,,,,,,,,,,,,,,,,,,,,,,,,,,,,,,,,,,,,,,,,,,,,,,,,,,,0.8,,
Sudan,,,PH,,,,,,,,,,,,,,,,,,,,,,,,,,,,,,,,,,,,,,,,,,,,,,,,,,,,,11.2,,
Senegal,,,PH,,,,,,,,,,,,,,,,,,,,,,,,,,,,,,,,,,,,,,,,,,,,,,,,,,,,,2.8,,
Singapore,,,CJ,,,,,,,,,,,,,,,,,,,,,,,,,,,,,,,,,,,,,,,,,0.9,0.7,0.5,0.6,0.5,0.5,0.4,0.4,0.6,0.4,0.4,0.3,0.2,,
Solomon Islands,,,PH,,,,,,,,,,,,,,,,,,,,,,,,,,,,,,,,,,,,,,,,,,,,,,,,,,,,,4.3,,
Sierra Leone,,,CJ,,,,,,,,,,,,,,,,,,,,,,,,,,,,,,,,,,,,,,,,,,,,,2.3,1.9,1.9,2.5,3.3,2.8,2.8,3.2,1.9,,
El Salvador,,,CJ,,,,,,,,,,,,,,,,,,,,,,,,,,,,,,,,,,,,,,,,,39.3,36.9,37,36.4,45.8,62.2,64.4,57.1,51.7,70.9,64.1,69.9,41.2,,
San Marino,,,PH,,,,,,,,,,,,,,,,,,,,,,,,,,,,,,,,,,,,,,,,,,,,,,,,,,,,,0.7,,
Somalia,,,PH,,,,,,,,,,,,,,,,,,,,,,,,,,,,,,,,,,,,,,,,,,,,,,,,,,,,,8,,
Serbia,,,CJ,,,,,,,,,,,,,,,,,,,,,,,,,,,,,,,,,,,,,,,,,2.2,2.4,2,1.7,1.6,1.5,1.6,1.7,1.4,1.5,1.3,1.4,1.2,,
Sub-Saharan Africa (developing only),,,,,,,,,,,,,,,,,,,,,,,,,,,,,,,,,,,,,,,,,,,,,,,,,,,,,,,,,,
South Sudan,,,CJ,,,,,,,,,,,,,,,,,,,,,,,,,,,,,,,,,,,,,,,,,,,,,,,,,,,,,13.9,,
Sub-Saharan Africa (all income levels),,,,,,,,,,,,,,,,,,,,,,,,,,,,,,,,,,,,,,,,,,,,,,,,,,,,,,,,,,
Small states,,,,,,,,,,,,,,,,,,,,,,,,,,,,,,,,,,,,,,,,,,,,,,,,,,,,,,,,,,
Sao Tome and Principe,,,CJ,,,,,,,,,,,,,,,,,,,,,,,,,,,,,,,,,,,,,,,,,,,,,,,2.5,2.4,8.3,2.9,3.4,3.3,,,
Suriname,,,PH,,,,,,,,,,,,,,,,,,,,,,,,,,,,,,,,,,,,,,,,,,,,,,,,,,,,,6.1,,
Slovak Republic,,,CJ,,,,,,,,,,,,,,,,,,,,,,,,,,,,,,,,,,,,,,,,,2.7,2.4,2.6,2.7,2.3,2,1.6,1.6,1.7,1.5,1.6,1.8,1.4,,
Slovenia,,,CJ,,,,,,,,,,,,,,,,,,,,,,,,,,,,,,,,,,,,,,,,,1.8,1.4,1.8,1.1,1.4,1,0.6,1.2,0.5,0.6,0.7,0.8,0.7,,
Sweden,,,CJ,,,,,,,,,,,,,,,,,,,,,,,,,,,,,,,,,,,,,,,,,1.1,1,1.1,1,1.2,0.9,1,1.2,0.8,0.9,1,0.9,0.7,,
Swaziland,,,PH,,,,,,,,,,,,,,,,,,,,,,,,,,,,,,,,,,,,,,,,,,,,,,,,,,,,,33.8,,
Sint Maarten (Dutch part),,,,,,,,,,,,,,,,,,,,,,,,,,,,,,,,,,,,,,,,,,,,,,,,,,,,,,,,,,
Seychelles,,,PH,,,,,,,,,,,,,,,,,,,,,,,,,,,,,,,,,,,,,,,,,,,,,,,,,,,,,9.5,,
Syrian Arab Republic,,,CJ,,,,,,,,,,,,,,,,,,,,,,,,,,,,,,,,,,,,,,,,,2.2,2.3,2.2,2.3,2.4,2.3,2.4,2.8,2.7,2.4,2.2,,,,
Turks and Caicos Islands,,,PH,,,,,,,,,,,,,,,,,,,,,,,,,,,,,,,,,,,,,,,,,0,0,11.3,0,0,0,,,6.8,6.6,,,,,
Chad,,,PH,,,,,,,,,,,,,,,,,,,,,,,,,,,,,,,,,,,,,,,,,,,,,,,,,,,,,7.3,,
Togo,,,PH,,,,,,,,,,,,,,,,,,,,,,,,,,,,,,,,,,,,,,,,,,,,,,,,,,,,,10.3,,
Thailand,,,CJ,,,,,,,,,,,,,,,,,,,,,,,,,,,,,,,,,,,,,,,,,8.2,8,7.1,10,6.6,7.3,7.1,6.7,6,5.6,5.5,5,,,
Tajikistan,,,CJ,,,,,,,,,,,,,,,,,,,,,,,,,,,,,,,,,,,,,,,,,4.6,3.7,2.8,2.5,2.1,2.3,2.8,1.9,1.4,1.3,2.4,1.6,,,
Turkmenistan,,,PH,,,,,,,,,,,,,,,,,,,,,,,,,,,,,,,,,,,,,,,,,,,,,,,,,,,,,12.8,,
Timor-Leste,,,CJ,,,,,,,,,,,,,,,,,,,,,,,,,,,,,,,,,,,,,,,,,,,,,2.4,4.6,4.8,6,3.3,3,3.6,,,,
Tonga,,,CJ,,,,,,,,,,,,,,,,,,,,,,,,,,,,,,,,,,,,,,,,,1,6.1,6.1,6,2,4,7.9,1,3.9,7.7,1,1.9,1,,
Trinidad and Tobago,,,CJ,,,,,,,,,,,,,,,,,,,,,,,,,,,,,,,,,,,,,,,,,9.5,11.9,13.4,17.8,20.1,29.8,28.5,29.8,41.6,38.3,35.6,26.4,28.3,,
Tunisia,,,PH,,,,,,,,,,,,,,,,,,,,,,,,,,,,,,,,,,,,,,,,,,,,,,,,,,,,,2.2,,
Turkey,,,CJ,,,,,,,,,,,,,,,,,,,,,,,,,,,,,,,,,,,,,,,,,,,,4.3,4.4,4.9,4.6,3.7,3.3,3.3,2.7,2.6,,,
Tuvalu,,,PH,,,,,,,,,,,,,,,,,,,,,,,,,,,,,,,,,,,,,,,,,,,,,,,,,,,,,4.2,,
Tanzania,,,PH,,,,,,,,,,,,,,,,,,,,,,,,,,,,,,,,,,,,,,,,,,,,,,,,,,,,,12.7,,
Uganda,,,CJ,,,,,,,,,,,,,,,,,,,,,,,,,,,,,,,,,,,,,,,,,,,,8,7.4,8.7,9.1,8.6,8.8,9.8,9.3,10.7,,,
Ukraine,,,CJ,,,,,,,,,,,,,,,,,,,,,,,,,,,,,,,,,,,,,,,,,,,,7.6,7.3,6.4,6.3,5.7,5.2,4.7,4.3,,,,
Upper middle income,,,,,,,,,,,,,,,,,,,,,,,,,,,,,,,,,,,,,,,,,,,,,,,,,,,,,,,,,,
Uruguay,,,CJ,,,,,,,,,,,,,,,,,,,,,,,,,,,,,,,,,,,,,,,,,6.4,6.6,6.9,5.9,5.8,5.7,6.1,5.8,6.6,6.7,6.1,5.9,7.9,,
United States,,,CJ,,,,,,,,,,,,,,,,,,,,,,,,,,,,,,,,,,,,,,,,,5.5,6.6,5.6,5.6,5.5,5.6,5.8,5.6,5.4,5,4.7,4.7,4.7,,
Uzbekistan,,,PH,,,,,,,,,,,,,,,,,,,,,,,,,,,,,,,,,,,,,,,,,,,,,,,,,,,,,3.7,,
St. Vincent and the Grenadines,,,CJ,,,,,,,,,,,,,,,,,,,,,,,,,,,,,,,,,,,,,,,,,18.5,11.1,18.5,16.6,25.8,21.1,11.9,33,14.7,18.3,22.9,19.2,25.6,,
"Venezuela, RB",,,CJ,,,,,,,,,,,,,,,,,,,,,,,,,,,,,,,,,,,,,,,,,32.9,32,38,44,37,37.3,45.1,47.6,51.9,48.9,45,47.8,53.7,,
Virgin Islands (U.S.),,,PH,,,,,,,,,,,,,,,,,,,,,,,,,,,,,,,,,,,,,,,,,22.1,25.8,37.8,28.5,34.2,32.5,40,40.1,42.1,46.9,52.6,,,,
Vietnam,,,,,,,,,,,,,,,,,,,,,,,,,,,,,,,,,,,,,,,,,,,,,,,,,,,,,,,,3.3,,
Vanuatu,,,PH,,,,,,,,,,,,,,,,,,,,,,,,,,,,,,,,,,,,,,,,,,,,,,,,,,,,,2.9,,
West Bank and Gaza,,,,,,,,,,,,,,,,,,,,,,,,,,,,,,,,,,,,,,,,,,,,,,,,,,,,,,,,,,
World,,,,,,,,,,,,,,,,,,,,,,,,,,,,,,,,,,,,,,,,,,,,,,,,,,,,,,,,,,
Samoa,,,PH,,,,,,,,,,,,,,,,,,,,,,,,,,,,,,,,,,,,,,,,,,,,,,,,,,,,,3.6,,
"Yemen, Rep.",,,CJ,,,,,,,,,,,,,,,,,,,,,,,,,,,,,,,,,,,,,,,,,4,,,3.7,3.3,4.7,4.3,4,4,4.5,4.8,,,,
South Africa,,,CJ,,,,,,,,,,,,,,,,,,,,,,,,,,,,,,,,,,,,,,,,,48.5,47,46.7,42.3,39.5,38.4,39.3,37.3,36.1,33.1,31,30,31,,
"Congo, Dem. Rep.",,,PH,,,,,,,,,,,,,,,,,,,,,,,,,,,,,,,,,,,,,,,,,,,,,,,,,,,,,28.3,,
Zambia,,,PH,,,,,,,,,,,,,,,,,,,,,,,,,,,,,,,,,,,,,,,,,,,,,,,,,,,,,10.7,,
Zimbabwe,,,PH,,,,,,,,,,,,,,,,,,,,,,,,,,,,,,,,,,,,,,,,,,,,,,,,,,,,,10.6,,
