Country Name,Country Code,Indicator Name,Indicator Code,1960,1961,1962,1963,1964,1965,1966,1967,1968,1969,1970,1971,1972,1973,1974,1975,1976,1977,1978,1979,1980,1981,1982,1983,1984,1985,1986,1987,1988,1989,1990,1991,1992,1993,1994,1995,1996,1997,1998,1999,2000,2001,2002,2003,2004,2005,2006,2007,2008,2009,2010,2011,2012,2013,2014
Aruba,,Parliamentary voter turnout,,,,,,,,,,,,,,,,,,,,,,,,,,,,,,,,,,,88.09,61.66,,,85.77,,,,,,,,85.74,,,,84.81,,,,84.86,
Andorra,,,,,,,,,,,,,,,,,,,,,,,,,,,,,,,,,,,,,80.92,,,,81.59,,,,81.64,,,,80.38,,,,75.34,,74.12,,,
Afghanistan,,,,,,,,,,,,,,,,,,,,,,,,,,,,,,,,,,,,,,,,,,,,,,,,,49.37,,,,,45.83,,,,
Angola,,,,,,,,,,,,,,,,,,,,,,,,,,,,,,,,,,,,86.91,,,,,,,,,,,,,,,,87.36,,,,62.75,,
Albania,,,,,,,,,,,,,,,,,,,,,,,,,,,,,,,,,,,98.92,91.5,,,,89.08,72.56,,,,54.95,,,,48.73,,,,50.77,,,,53.31,
Arab World,,,,,,,,,,,,,,,,,,,,,,,,,,,,,,,,,,,,,,,,,,,,,,,,,,,,,,,,,,
United Arab Emirates,,,,,,,,,,,,,,,,,,,,,,,,,,,,,,,,,,,,,,,,,,,,,,,,,,,,,,,,,,
Argentina,,,,87.07,,85.73,85.59,,83.46,,,,,,,,85.55,,,,,,,,,,83.25,,82.19,,83.61,,84.24,,89.71,,79.7,,80.96,,,78.22,80.54,,75.21,,,,70.94,,73.13,,72.39,,79.39,,77.17,
Armenia,,,,,,,,,,,,,,,,,,,,,,,,,,,,,,,,,,,,,,,53.91,,,,51.72,,,,55.18,,,,59.99,,,,,62.87,,
American Samoa,,,,,,,,,,,,,,,,,,,,,,,,,,,,,,,,,,,,,,,,,,,,,,,,,,,,,,,,,,
Antigua and Barbuda,,,,37.98,,,,,42.85,,,,,,56.41,,,,,94.97,,,,77.08,,,,61.12,,,,,60.72,,,,,62.32,,,,,63.6,,,,,91.19,,,,,80.27,,,,,90.27
Australia,,,,,95.22,,95.71,,,95.13,,,94.97,,,95.38,,95.4,95.39,,95.08,,,94.35,,,94.64,94.19,,,93.84,,,95.31,,,95.75,,,95.77,,94.99,,,94.85,,,94.32,,,94.76,,,93.22,,,93.23,
Austria,,,,,,93.77,,,,93.8,,,,91.78,92.44,,,,92.9,,,,92.24,,,,92.59,,,90.46,,,,86.14,,,,82.46,85.98,,,,80.42,,,84.27,,,,78.49,,78.81,,,,,74.91,
Azerbaijan,,,,,,,,,,,,,,,,,,,,,,,,,,,,,,,,,,,,,,,86.05,,,,,67.99,,,,,40.47,40.47,,,,49.76,,,,
Burundi,,,,,,,,,,,,,,,,,,,,,,,,,,,,,,,,,,,,,91.38,,,,,,,,,,,,77.23,,,,,66.68,,,,
Belgium,,,,,92.34,,,,91.58,,,90.02,,,91.55,,,90.35,,,95.07,94.87,,,94.56,,,,93.59,,93.38,,,,92.71,,,,91.15,,,,90.57,,,,91.63,,,,91.08,,,89.22,,,,89.37
Benin,,,,,,,,,,,,,,,,,,,,,,,,,,,,,,,,,,,51.68,,,,75.8,,,,70.11,,,,55.9,,,,58.69,,,,,,,
Burkina Faso,,,,,,,,,,,,,,48.29,,,,,,,,40.24,,,,,,,,,,,,,,33.8,,,,,44.53,,,,,64.14,,,,,56.43,,,,,75.96,,
Bangladesh,,,,,,,,,,,,,,,,,54.91,,,,,,51.29,,,,,,,60.31,,51.81,,,55.45,,,,,75.6,,,,,74.97,,,,,,,85.26,,,,,,51.37
Bulgaria,,,,,,,,,,,,,,,,,,,,,,,,,,,,,,,,,,,83.87,,,75.23,,,58.87,,,,66.63,,,,55.76,,,,60.64,,,,52.49,51.05
Bahrain,,,,,,,,,,,,,,,,,78.4,,,,,,,,,,,,,,,,,,,,,,,,,,,,,53,,,,73.6,,,,67,,,,52.6
"Bahamas, The",,,,,,,,,,,,,,,,100.29,,,,,89.92,,,,,89.76,,,,,87.9,,,,,91.85,,,,,91.71,,,,,90.03,,,,,92.13,,,,,90.78,,
Bosnia and Herzegovina,,,,,,,,,,,,,,,,,,,,,,,,,,,,,,,,,,,,,,,,46.06,,70.74,,63.7,,55.45,,,,54.94,,,,56.49,,,,54.54
Belarus,,,,,,,,,,,,,,,,,,,,,,,,,,,,,,,,,,,,,,,56.4,,,,,61.08,,,,90.14,,,,76.74,,,,74.2,,
Belize,,,,,,,,,,,,,,,,,,,,,,,89.78,,,,,74.96,,,,,72.62,,,,74.59,,,,,90.1,,,,,79.52,,,,,77.18,,,,73.18,,
Bermuda,,,,,,,,,,,,,,,,,,,,,,,,,,,,,,,,,74.32,,,,77.6,,,,,81.44,,,,,74.95,,,,75.65,,,,,70.7,,
Bolivia,,,,75.98,,,,91.91,,86.57,,,,,,,,,,,,102.62,90.5,74.32,,,,,81.97,,,,73.66,,,,72.16,,,,71.36,,,,,72.06,,,84.51,,,,94.55,,,,,87.45
Brazil,,,,,,79.59,,,,77.21,,,,77.45,,,,,,,,81.75,,,,82.33,,,,85,,,,84.61,,,,82.24,,,,78.51,,,,68.72,,,,83.27,,,,81.88,,,,80.6
Barbados,,,,,61.32,,,,,79.27,,,,,81.62,,,,,74.09,,,,,71.58,,,,,76.7,,,,,63.72,,,60.25,,,,,63.1,,,,56.88,,,,,63.54,,,,,65.05,
Brunei Darussalam,,,,,,,,,,,,,,,,,,,,,,,,,,,,,,,,,,,,,,,,,,,,,,,,,,,,,,,,,,
Bhutan,,,,,,,,,,,,,,,,,,,,,,,,,,,,,,,,,,,,,,,,,,,,,,,,,,,54.87,79.45,,,,,66.13,
Botswana,,,,,,,,,,,,,54.73,,,,,31.22,,,,,55.24,,,,,77.58,,,,,68.24,,,,,76.55,,,,,77.11,,,,,76.2,,,,,76.71,,,,,84.75
Central African Republic,,,,,,,,,,,,,,,,,,,,,,,,,,,,,,,,,,,,,67.93,,,,,58.45,,,,,,,72.65,,,,,,61.16,,,
Canada,,,,,,80.13,80.3,,75.88,,,75.67,,,,77.2,,71,,,,,75.69,69.32,,,,75.34,,,,75.29,,,,,69.64,,,,67,,,61.18,,,,60.91,,64.94,,59.52,,,61.11,,,
Central Europe and the Baltics,,,,,,,,,,,,,,,,,,,,,,,,,,,,,,,,,,,,,,,,,,,,,,,,,,,,,,,,,,
Switzerland,,,,,,,64.46,,,,63.76,,,,56.36,,,,52.39,,,,48.06,,,,48.91,,,,47.48,,,,46.04,,,,42.25,,,,43.22,,,,45.22,,,,48.28,,,,49.1,,,
Channel Islands,,,,,,,,,,,,,,,,,,,,,,,,,,,,,,,,,,,,,,,,,,,,,,,,,,,,,,,,,,
Chile,,,,,74.54,,,,80.57,,,,74.15,,,,81.75,,,,,,,,,,,,,,,,94.73,,,,90.96,,,,87.32,,,,87.11,,,,87.67,,,,87.67,,,,49.25,
China,,,,,,,,,,,,,,,,,,,,,,,,,,,,,,,,,,,,,,,,,,,,,,,,,,,,,,,,,,
Cote d'Ivoire,,,,,,,,,,,,,,,,,,,,,,,,,,,,,,,,,,42.47,,,,,,,,,,31.54,,,,,,,,,,,36.56,,,
Cameroon,,,,69.56,,,,,,,,,,,,,,,,,,,,,,,,,,,,90.32,,,,60.59,,,,,75.6,,,,,65.66,,,,,62.01,,,,,,76.79,
"Congo, Rep.",,,,,,,,,,,,,,,,,,,,,,,,,,,,,,,,,,,,,,,,,,,,,,69.36,,,,,,,,,,,,
Colombia,,,,57.82,,57.88,,36.85,,44.47,,37.28,,51.92,,,,57.14,,,,33.39,,,,40.7,,,,43.62,,,,55.33,33,,,36.14,,,,45,,,,42.45,,,,40.49,,,,43.75,,,,43.58
Comoros,,,,,,,,,,,,,,,,,,,,,,75.61,,,,,,,,,65,,,,,,,,,,,,,,,,,,,,,,,,,,,
Cabo Verde,,,,,,,,,,,,,,,,,,,,,,,,,,,,,,,,,,,75.27,,,,76.52,,,,,,54.14,,,,,54.18,,,,,76.01,,,
Costa Rica,,,,,,80.89,,,,81.4,,,,83.32,,,,79.89,,,,81.16,,,,78.62,,,,81.81,,,,81.79,,,,81.09,,,,69.99,,,,68.84,,,,65.13,,,,69.11,,,,68.38
Caribbean small states,,,,,,,,,,,,,,,,,,,,,,,,,,,,,,,,,,,,,,,,,,,,,,,,,,,,,,,,,,
Cuba,,,,,,,,,,,,,,,,,,,,,,,,,,,,,,97.66,,,,,,,98.71,,,,,98.35,,,,,97.64,,,,,96.89,,,,,90.88,
Curacao,,,,,,,,,,,,,,,,,,,,,,,,,,,,,,,,,,,,,,,,,,,,,,,,,,,,,,,,,,
Cayman Islands,,,,,,,,,,,,,,,,,,,,,,,,,,,,,,,,,,,,,,,,,,,,,,,,,80.25,,,,,,,,79.87,
Cyprus,,,,,,,,,,,,,,75.85,,,,,,85.29,,,,,95.75,,,,94.62,,,,,,94.31,,,,,90.13,,,,,91.75,,,,,89,,,,,78.7,,,
Czech Republic,,,,,,,,,,,,,,,,,,,,,,,,,,,,,,,,,,96.33,,84.68,,,,76.29,,74,,,,57.95,,,,64.47,,,,62.6,,,59.48,
Germany,,,,,87.74,,,,86.77,,,,86.67,,,91.11,,,,90.75,,,,88.57,,,89.09,,,,84.33,,,77.76,,,,78.97,,,,82.2,,,,79.08,,,77.65,,,,70.78,,,,71.55,
Djibouti,,,,,,,,,,,,,,,,,,,,,,,,,,,,,,,,,,,,48.45,,,,,56.83,,,,,,48.42,,,,,72.61,,,,,69.16,
Dominica,,,,,76.94,,,,,80.26,,,,81.56,,,,,77.26,,,,,80.21,,,,,74.56,,,,,66.64,,,,,65.18,,,,,60.17,,,,,59.09,,,,54.87,,,,,56.31
Denmark,,,,85.84,,,,85.51,,88.61,,89.28,,,87.16,,88.72,,88.23,,88.7,,85.62,,87.77,,,88.44,,,86.74,85.7,,82.85,,,,84.25,,,,85.95,,,87.15,,,,84.54,,86.59,,,,87.74,,,
Dominican Republic,,,,,,,,,,,,,,,,,,,,,,,,,,,,,,69.49,,,,56.19,,,,42.4,,78.57,,52.97,,,,51.05,,,,56.46,,,,56.43,,,,
Algeria,,,,,,,,,,,,,,,,,,,,,,,,,,,,,,,,,,,59,,,,,,65.6,,,,,46.17,,,,,35.51,,,,,43.14,,
East Asia & Pacific (developing only),,,,,,,,,,,,,,,,,,,,,,,,,,,,,,,,,,,,,,,,,,,,,,,,,,,,,,,,,,
East Asia & Pacific (all income levels),,,,,,,,,,,,,,,,,,,,,,,,,,,,,,,,,,,,,,,,,,,,,,,,,,,,,,,,,,
Europe & Central Asia (developing only),,,,,,,,,,,,,,,,,,,,,,,,,,,,,,,,,,,,,,,,,,,,,,,,,,,,,,,,,,
Europe & Central Asia (all income levels),,,,,,,,,,,,,,,,,,,,,,,,,,,,,,,,,,,,,,,,,,,,,,,,,,,,,,,,,,
Ecuador,,,,,,,,,,,,,,,,,,,,,,,80.37,,,,,71.15,,74.02,,77.65,,69.42,,,,65.49,,67.87,,47.25,,,,63.51,,,,63.5,,,75.72,,,,80.84,
"Egypt, Arab Rep.",,,,,,,,,,,,,,,,,,,,39.77,,,,,,,,43.14,,,50.32,,,44.43,,,,,47.99,,,,,,,,,,28.13,,,,,27.47,,62.04,,
Euro area,,,,,,,,,,,,,,,,,,,,,,,,,,,,,,,,,,,,,,,,,,,,,,,,,,,,,,,,,,
Eritrea,,,,,,,,,,,,,,,,,,,,,,,,,,,,,,,,,,,,,,,,,,,,,,,,,,,,,,,,,,
Spain,,,,,,,,,,,,,,,,,,,,,76.96,,68.13,,,79.83,,,,70.37,,,70.01,,,,77.05,,,78.06,,,,68.71,,,,75.66,,,,75.32,,,68.94,,,
Estonia,,,,,,,,,,,,,,,,,,,,,,,,,,,,,,,,,,78.2,,67.84,,,68.91,,,,57.43,,,,58.24,,,,61.91,,,,63.53,,,
Ethiopia,,,,,,,,,,,,,,,,,,,,,,,,,,,,,,,,,,,,,,,94.05,,,,,90,,,,,82.6,,,,,93.44,,,,
European Union,,,,,,,,,,,,,,,,,,,,,,,,,,,,,,,,,,,,,,,,,,,,,,,,,,,,,,,,,,
Fragile and conflict affected situations,,,,,,,,,,,,,,,,,,,,,,,,,,,,,,,,,,,,,,,,,,,,,,,,,,,,,,,,,,
Finland,,,,,,85.09,,,,84.94,,,,82.23,,81.4,,,73.8,,,,75.31,,,,75.73,,,,72.06,,,,68.39,,,,68.58,,,,65.27,,,,66.71,,,,65.02,,,,67.37,,,
Fiji,,,,,,,,,,,,,,,,,,,,,,,,,,,,,,,,,,,,78.77,,74.8,,,,,89.41,,81.05,,,,,64,,,,,,,,84.6
France,,,,,,68.69,,,,,81.12,79.85,,,,,81.31,,,,,71.63,,,70.87,,,,,78.48,,66.18,,,,,68.93,,,,67.96,,,,,60.32,,,,,59.98,,,,,55.4,,
Faeroe Islands,,,,,,,,,,,,,,,,,,,,,,,,,,,,,,,,,,,,,,,,,,88.19,,,,91.63,,92.34,,,,89.5,,,,,,
"Micronesia, Fed. Sts.",,,,,,,,,,,,,,,,,,,,,,,,,,,,,,,,,,,,,,,,,,,,,,,,,,,52.58,,,,,,44.68,
Gabon,,,,,,,,,,,,,,,,,,,,,,,,,,,,,,,,,,,,,,,,,,,,,,,,,,,,,,,34.28,,,
United Kingdom,,,,,,,,77.17,,75.96,,,,72.15,,,,72.93,,,,,76,,,,72.81,,,,75.42,,,,,77.83,,,,,71.46,,,,59.38,,,,61.36,,,,,65.77,,,,
Georgia,,,,,,,,,,,,,,,,,,,,,,,,,,,,,,,,,,,,74.77,,,68.18,,,,67.87,,,,60.06,63.93,,,,53.39,,,,59.76,,
Ghana,,,,,,,,,,,,,63.2,,,,,,,,,,35.25,,,,,,,,,,,,,28.07,,,,65,,,,61.19,,,,85.12,,,,69.52,,,,80.01,,
Guinea,,,,,,,,,,,,,,,,,,,,,,,,,,,,,,,,,,,,,,,61.86,,,,,,,71.98,,,,,,,,,,,63.53,
"Gambia, The",,,,,,,,,,,,,,,,76.07,,,,,81.94,,,,,,,,,,80.2,,,,,55.8,,,,,73.21,,,,,56.38,,,,,41.7,,,,,19.44,,
Guinea-Bissau,,,,,,,,,,,,,,,,,,,,,,,,,,,,,,,,,,,,,,45,,,,,80,,,,,74.37,,,,82,,,,,,88.57
Equatorial Guinea,,,,,,,,,,,,,,,,,,,,,,,,,,,,,,,,,,,,,,,,,,,94.94,,,,,96.45,,,,,,,,,,
Greece,,,,,81.87,,83.04,81.69,,,,,,,,,,79.58,,,81.11,,,,81.5,,,,83.81,,,,84.5,,,,82.95,,,76.34,,,,74.97,,,,76.62,,,74.14,,70.92,,,62.47,,
Grenada,,,,,,,,,,,,,,,,83.49,,,,65.26,,,,,,,,86.19,,,,,,68.42,,,,,61.78,,,,56.67,,,,57.42,,,,,80.3,,,,,87.73,
Greenland,,,,,,,,,,,,,,,,,,,,,,,,,,,,,,,,,,,,,,,,,,,,,,,,,,,,,,,,,,
Guatemala,,,,,44.48,,,,,55.01,,,,53.26,,,,46.35,,,,40,,,,45.59,,,69.16,,,,,56.44,,,,21.01,46.8,,,,40.39,,,,54.5,,,,60.46,,,,69.38,,,
Guam,,,,,,,,,,,,,,,,,,,,,,,,,,,,,,,,,,,,,,,,,,,,,,,,,,,,,,,,,,
Guyana,,,,,,,,96.98,,,,85.14,,,,,82.92,,,,,,,93.64,,,,,,,,,,,,81,,,,,88.42,,,,91.73,,,,,68.82,,,,,72.89,,,
High income,,,,,,,,,,,,,,,,,,,,,,,,,,,,,,,,,,,,,,,,,,,,,,,,,,,,,,,,,,
"Hong Kong SAR, China",,,,,,,,,,,,,,,,,,,,,,,,,,,,,,,,,,,,,,,,,,,,,,,,,,,,,,,,,,
Honduras,,,,,,,,,75.3,,,,,,67.54,,,,,,,,,81.35,77.95,,,,84.02,,,,76.03,,,,64.97,,,,71.83,,,,66.31,,,,45.97,,,,50.05,,,,61.16,
Heavily indebted poor countries (HIPC),,,,,,,,,,,,,,,,,,,,,,,,,,,,,,,,,,,,,,,,,,,,,,,,,,,,,,,,,,
Croatia,,,,,,,,,,,,,,,,,,,,,,,,,,,,,,,,,,,,75.61,,,68.79,,,,,76.55,,,61.65,,,,59.58,,,,54.17,,,
Haiti,,,,,,,,,,,,,,,,,,,,,,,,,,,,,,,,,,50.16,,,,,31.09,,,,,59.99,,,,,,28.31,,,,,,,,
Hungary,,,,,,,,,,,,,,,,,,,,,,,,,,,,,,,,,,65.1,,,,68.92,,,,57.01,,,,70.52,,,,67.57,,,,64.38,,,,61.84
Indonesia,,,,,,,,,,,,,,,94.02,,,,,,90.57,,,,,91.23,,,,,91.3,,,,,90.91,,,,,88.93,,93.3,,,,,84.09,,,,,70.99,,,,,75.11
Isle of Man,,,,,,,,,,,,,,,,,,,,,,,,,,,,,,,,,,,,,,,,,,,,,,,,,,,,,,,,,,
India,,,,,,55.42,,,,,61.04,,,,55.25,,,,,,60.49,,,56.92,,,,63.56,,,,,61.98,,56.73,,,,,57.94,,61.97,59.99,,,,,58.07,,,,,58.17,,,,,66.4
Not classified,,,,,,,,,,,,,,,,,,,,,,,,,,,,,,,,,,,,,,,,,,,,,,,,,,,,,,,,,,
Ireland,,,,,70.61,,,,75.14,,,,76.93,,,,76.61,,,,76.31,,,,76.22,72.86,,,,,73.33,,68.51,,,68.49,,,,,65.92,,,,,62.57,,,,,67.03,,,,70.05,,,
"Iran, Islamic Rep.",,,,,,,,,,,,,,,,,,,,,,,,,,,,,,,,,,,,,,,,,,,,,,,,,,,,49.47,,,,64.2,,
Iraq,,,,,,,,,,,,,,,,,,,,,,,,,,,,,,,,,,,,,,,,,,,,,,,,,79.63,,,,,62.4,,,,60.53
Iceland,,,,,,,91.14,,,,91.37,,,,90.44,,,91.44,,,,90.27,89.34,,,,88.6,,,,90.1,,,,87.62,,,,87.38,,,,84.07,,,,87.7,,,,83.6,,85.12,,,,81.44,
Israel,,,,,81.34,,,,85.86,,,,81.2,,,,78.58,,,,79.23,,,,78.5,,,78.78,,,,79.66,,,,77.38,,,,79.32,,,78.73,,62.29,,67.81,,,63.55,,,64.72,,,67.77,,
Italy,,,,,,,92.88,,,,,92.79,,,,93.18,,,,93.37,,,90.35,,,,89.02,,,,88.86,,,,,87.44,,86.14,,82.91,,,,,81.44,,,,,83.62,,80.54,,,,,75.19,
Jamaica,,,,,,72.88,,,,,82.24,,,,,78.88,,,,85.21,,,,86.91,,,2.73,,,,,,78.38,,,,67.68,,,,65.42,,,,,59.06,,,,,60.4,,,,53.17,,,
Jordan,,,,,,,,,,,,,,,,,,,,,,,,,,,,,,,,,53.06,,,,54.77,,,,47.45,,,,,,57.75,,,,54,,,53,,,56.5,
Japan,,,,73.5,,,71.14,,,,73.98,,68.5,,,71.75,,,,73.44,,,68,74.56,,,67.94,,,63.99,,,,73.31,,,67.02,,,59.65,,,,60.62,,,59.8,,67.46,,,,69.27,,,59.32,,52.66
Kazakhstan,,,,,,,,,,,,,,,,,,,,,,,,,,,,,,,,,,,,,,73.52,80.73,,,,62.56,,,,,56.49,,,68.41,,,,,75.44,,
Kenya,,,,,,,,,,,,,,,,,,,,,,,,,,,,,,,,,,,,58.84,,,,,65.45,,,,,57.18,,,,,69.09,,,,,,85.91,
Kyrgyz Republic,,,,,,,,,,,,,,,,,,,,,,,,,,,,,,,,,,,,,,,61.1,,,,,64.41,,,,,59,,75.2,,,56.59,,,,
Cambodia,,,,,,,,,,,,,,,,,,,,,,,,,,,,,,,,,,,,,86.78,,,,,93.74,,,,,83.22,,,,,75.21,,,,,68.49,
Kiribati,,,,,,,,,,,,,,,,,,68,,,,81,,,,82.51,79.94,,,,84,,,,,,,,,,,,,,,,,,,,67.54,,,,,,,
St. Kitts and Nevis,,,,,68.75,,,,,73.42,,,,,87.9,,,,72.06,,,,,74.54,,,,77.74,,,,,66.77,,,,66.43,,68.37,,,,,64.24,,,,58.98,,,,,,83.51,,,,
"Korea, Rep.",,,,,,,,,,,76.12,,,,73.22,,71.36,,,,,77.09,,,78.42,,,,84.57,,,75.73,,,,71.86,,,,63.91,,,,57.21,,,,59.98,,,,46.01,,,,54.26,,
Kosovo,,,,,,,,,,,,,,,,,,,,,,,,,,,,,,,,,,,,,,,,,,,,,,,,49.52,,,43.23,,,45.62,,,,42.63
Kuwait,,,,,,,,,,,,,,,,,,,58.24,,,,,,90,,,,84.59,,,,,,,85,,,,80,,,,,,,,,,91.92,,59.41,59,,,59.53,51.9,
Latin America & Caribbean (developing only),,,,,,,,,,,,,,,,,,,,,,,,,,,,,,,,,,,,,,,,,,,,,,,,,,,,,,,,,,
Lao PDR,,,,,,,,,,,,,,,,67.76,,,,,,,,,,,,,,,,,,,,99.26,,,,,99.37,,,,,99.9,,,,99.76,,,,,99.69,,,
Lebanon,,,,,,,,,,,,,,,,,,,,,,,,,,,,,,,,,,,,30.35,,,,43.14,,,,44.97,,,,,46.47,,,,53.98,,,,,
Liberia,,,,,,,,,,,,,,,,,,,,,,,,,,,,,,,,,,,,,,,,,,,,,,,,,76.49,,,,,,71.64,,,
Libya,,,,,,,,,,,,,,,,,,,,,,,,,,,,,,,,,,,,,,,,,,,,,,,,,,,,,,,,61.58,,41.74
St. Lucia,,,,,,,,51.93,,,,,53.25,,,,,84.13,,,,,80.31,,,64.47,,,,,60.56,,,,,63.34,,,,,66.55,,,,31.54,,,,,58.46,,,,,56.84,,,
Latin America & Caribbean (all income levels),,,,,,,,,,,,,,,,,,,,,,,,,,,,,,,,,,,,,,,,,,,,,,,,,,,,,,,,,,
Least developed countries: UN classification,,,,,,,,,,,,,,,,,,,,,,,,,,,,,,,,,,,,,,,,,,,,,,,,,,,,,,,,,,
Low income,,,,,,,,,,,,,,,,,,,,,,,,,,,,,,,,,,,,,,,,,,,,,,,,,,,,,,,,,,
Liechtenstein,,,,,,94.68,,,,95.68,,,,94.94,,,,95.56,,,,95.72,,,,95.39,,,,93.33,,,90.88,,,,87.54,,,,86.94,,,,86.72,,,,86.47,,,,84.63,,,,79.8,
Sri Lanka,,,,75.9,,,,,81.13,,,,,84.88,,,,,,,86.69,,,,,,,,,,,,63.59,,,,,76.24,,,,,,75.63,76.03,,,75.96,,,,,,61.26,,,,
Lower middle income,,,,,,,,,,,,,,,,,,,,,,,,,,,,,,,,,,,,,,,,,,,,,,,,,,,,,,,,,,
Low & middle income,,,,,,,,,,,,,,,,,,,,,,,,,,,,,,,,,,,,,,,,,,,,,,,,,,,,,,,,,,
Lesotho,,,,,,,,,62.32,,,,,81.9,,,,,,,,,,,,,,,,,,,,,,,72.28,,,,,71.83,,,,66.69,,,,,49,,,,,50.04,,
Lithuania,,,,,,,,,,,,,,,,,,,,,,,,,,,,,,,,,,,,75.22,,,,52.92,,,,58.18,,,,46.04,,,,48.59,,,,52.93,,
Luxembourg,,,,,,,,90.57,,,,88.56,,,,,,90.14,,,,,88.85,,,,,88.81,,,,,87.39,,,,,88.3,,,,,86.51,,,,,91.68,,,,,90.93,,,,91.15,
Latvia,,,,,,,,,,,,,,,,,,,,,,,,,,,,,,,,,,81.2,,,89.88,,71.9,,,71.9,,,,71.17,,,,60.98,,,,64.72,59.49,,,58.8
"Macao SAR, China",,,,,,,,,,,,,,,,,,,,,,,,,,,,,,,,,,,,,,,,,,,,,,,,,,,,,,,,,,
St. Martin (French part),,,,,,,,,,,,,,,,,,,,,,,,,,,,,,,,,,,,,,,,,,,,,,,,,,,,,,,,,,
Morocco,,,,,,,,,,,,,,85.34,,,,,,,82.36,,,,,,,67.43,,,,,,,,,62.75,,,,58.3,,,,,51.61,,,,,37,,,,45.4,,,
Monaco,,,,,,,,,,,,72.34,,,,,72.26,,,,,74.55,,,,,75.05,,,,,70.33,,,,,66.59,,,,,65.41,,,,,79.73,,,,,76.85,,,,,74.55,
Moldova,,,,,,,,,,,,,,,,,,,,,,,,,,,,,,,,,,,,,,79.31,,,,69.12,,,69.96,,,,64.84,,,,58.77,63.37,,,,55.8
Madagascar,,,,,,,,,,,,,,94.77,,,,,,,,,,,,,72.75,,,,,,74.6,,,,60,,,,,60.13,,,,67.86,,,,,,,,,,,50.72,
Maldives,,,,,,,,,,,,,,,,,,,,,,,,,,,,,,,,,68.69,,,,,75.39,,,,,77.4,,,,,,71.29,,,,78.87,,,,,77.93
Middle East & North Africa (all income levels),,,,,,,,,,,,,,,,,,,,,,,,,,,,,,,,,,,,,,,,,,,,,,,,,,,,,,,,,,
Mexico,,,,,68.43,,,66.61,,,62.82,,,64.38,,,60.3,,,62.01,,,49.43,,,72.56,,,51.82,,,49.43,,,61.11,,,77.73,,,57.69,,,57.24,,,41.68,,,58.9,,,44.61,,,62.45,,
Marshall Islands,,,,,,,,,,,,,,,,,,,,,,,,,,,,,,,,,,,,,,,,,,,,,,,,,,,50.07,,,,,,,
Middle income,,,,,,,,,,,,,,,,,,,,,,,,,,,,,,,,,,,,,,,,,,,,,,,,,,,,,,,,,,
"Macedonia, FYR",,,,,,,,,,,,,,,,,,,,,,,,,,,,,,,,,,,,,,57.83,,,,50.46,,,,74.6,,,,55.98,,57.99,,,63.48,,,62.98
Mali,,,,,,,,,,,,,,,,,,,,,,,,,,,,,,,,,,,,21.09,,,,,21.58,,,,,26,,,,,32.19,,,,,,37.24,
Malta,,,,,,90.77,,,,89.71,,,,,92.93,,,,,95,,,,,94.64,,,,,,96.11,,,,,96.04,,,,97.16,,95.4,,,,,95.7,,,,,93.3,,,,,92.95,
Myanmar,,,,,,,,,,,,,,,,,,,,,,,,,,,,,,,,,,73.33,,,,,,,,,,,,,,,,,,,,77.26,,,,
Middle East & North Africa (developing only),,,,,,,,,,,,,,,,,,,,,,,,,,,,,,,,,,,,,,,,,,,,,,,,,,,,,,,,,,
Montenegro,,,,,,,,,,,,,,,,,,,,,,,,,,,,,,,,,,,,,,,,,,,,,,,,,,72.05,,,66.19,,,70.56,,
Mongolia,,,,,,,,,,,,,,,,,,,,,,,,,,,,,,,,,,98,,95.6,,,,88.39,,,,82.42,,,,81.84,,,,74.31,,,,65.24,,
Northern Mariana Islands,,,,,,,,,,,,,,,,,,,,,,,,,,,,,,,,,,,,,,,,,,,,,,,,,,,,,,,,,,
Mozambique,,,,,,,,,,,,,,,,,,,,,,,,,,,,,,,,,,,,,,87.89,,,,,68.09,,,,,36.34,,,,,44.44,,,,,48.84
Mauritania,,,,,,,,,,,,,,,,,,,,,,,,,,,,,,,,,,,,38.86,,,,52.06,,,,,54.45,,,,,69.49,,,,,,,73.9,
Mauritius,,,,,,,,,,,,,,,,,,,,,,,,,,90,87.04,,,,85,,,,84.08,,,,79.69,,,,,80.87,,,,,81.25,,,,,77.82,,,,74.41
Malawi,,,,,,,,,,,,,,,,,,,,,,,,,,,,,,,,,,,,,,80.03,,,,,92.28,,,,,60.18,,,,,53.9,,,,,70.07
Malaysia,,,,,,,,,,,,,,,,,,,,,,,,,,72.1,,,,74.39,,,,70,,,,,71.8,,,,68.65,,,,,73.9,,,,75.99,,,,,84.84,
North America,,,,,,,,,,,,,,,,,,,,,,,,,,,,,,,,,,,,,,,,,,,,,,,,,,,,,,,,,,
Namibia,,,,,,,,,,,,,,,,,,,,,,,,,,,,,,,,,97.04,,,,,76.05,,,,,62.79,,,,,84.81,,,,,,,,,,72
New Caledonia,,,,,,,,,,,,,,,,,,,,,,,,,,,,,,,,,,,,,,,,,,,,,,,,,,,,,,,,,,
Niger,,,,,,,,,,,,,,,,,,,,,,,,,,,,,,,,,,,,,33.07,,34.97,39.17,,,40.11,,,,,44.67,,,,,,,49.22,,,
Nigeria,,,,,,,,,,,,,,,,,,,,,,,32.34,,,,38.9,,,,,,,,,,,,,,,,40.69,,,,49.32,,,,,,,,28.66,,,
Nicaragua,,,,,,,79.13,,,,,,,,,73.04,,69.43,,,,,,,,,,75.48,,,,,,81.01,,,,,,77.07,,,,,75,,,,,66.73,,,,,79.09,,,
Netherlands,,,,,,,95.13,,,,94.95,,,,79.08,83.5,,,,,88,,,,87.03,80.98,,,,85.76,,,80.27,,,,,78.75,,,,73.23,,,,79.06,80.04,,,80.35,,,,75.4,,74.56,,
High income: nonOECD,,,,,,,,,,,,,,,,,,,,,,,,,,,,,,,,,,,,,,,,,,,,,,,,,,,,,,,,,,
Norway,,,,,79.07,,,,85.43,,,,83.84,,,,80.24,,,,82.89,,,,81.99,,,,84.03,,,,83.16,,,,75.85,,,,78.33,,,,75.48,,,,77.44,,,,76.37,,,,78.23,
Nepal,,,,,,,,,,,,,,,,,,,,,,,,,52.3,,,,,60.31,,,,,88.13,,,86.74,,,88.13,,65.79,,,,,,,,,63.29,,,,,,
New Zealand,,,,90.26,,,89.56,,,86.6,,,89.88,,,89.83,,,83.17,,,84.9,,,91.44,,,93.71,,,89.06,,,85.24,,,85.2,,,88.28,,,84.77,,,76.98,,,80.29,,,79.46,,,74.21,,,76.95
High income: OECD,,,,,,,,,,,,,,,,,,,,,,,,,,,,,,,,,,,,,,,,,,,,,,,,,,,,,,,,,,
OECD members,,,,,,,,,,,,,,,,,,,,,,,,,,,,,,,,,,,,,,,,,,,,,,,,,,,,,,,,,,
Oman,,,,,,,,,,,,,,,,,,,,,,,,,,,,,,,,,,,,,,,,,,,,,,,,,,,62.7,,,,,,,
Other small states,,,,,,,,,,,,,,,,,,,,,,,,,,,,,,,,,,,,,,,,,,,,,,,,,,,,,,,,,,
Pakistan,,,,,,,,,,,,,,,,,,,,,55.02,,,,,,,,52.93,,,43.07,,45.46,,,40.28,,,,35.17,,,,,41.8,,,,,,44.55,,,,,53.62,
Panama,,,,,,,,,,,,,,,,,,,,,,83.64,,,,,,68.86,,,,,,,,,,73.67,,,,,75.94,,,,,76.27,,,,,70.05,,,,,75.19
Peru,,,,,,88.6,94.38,,,,,,,,,,,,,,,,,80.44,,,,,80.49,,,,,68.38,,,,,63.39,,,,,81.98,81.37,,,,,88.66,,,,,83.72,,,
Philippines,,,,,,,,,,,82.19,,88.6,,,,,,,,,85.52,,,,,,,,,90,,,,,70.56,,,70.68,,,78.75,,,81.08,,,30.42,,,63.68,,,74.98,,,60.7,
Palau,,,,,,,,,,,,,,,,,,,,,,,,79.99,,,,83.99,,,,82.5,,,,83.43,,,,79.27,,,,81.15,,,,,,,,42.66,,,,40.63,,
Papua New Guinea,,,,,,,,72.3,,,,48.45,,,,59.85,,,,,60.35,,,,,51.7,,,,,73.54,,,,,81.2,,,,,65.74,,,,,,,,,,,,,,,,,
Poland,,,,,94.83,,,,96.62,,,,97.61,,,97.94,,,,98.27,,,,98.87,,,,,78.86,,,,62.11,,43.2,,52.08,,,,47.93,,,,46.18,,,,40.57,,53.88,,,,48.92,,,
Puerto Rico,,,,,,,,,,,,,,,,,,,,,,,,,,,,,,,,,,,,,,,,,,,,,,,,,,,,,,,,,,
"Korea, Dem. Rep.",,,,,,,,,,,,,,,,,,,,,,,,,,,,,,,,,,,,,,,,,,,,,,,,,,,,,,,,,,
Portugal,,,,,,,,,,,,,,,,,,,91.73,83.27,,,87.54,85.45,,,78.64,,75.37,,72.64,,,,68.18,,,,66.3,,,,61.05,,,62.84,,,64.26,,,,59.68,,58.03,,,
Paraguay,,,,,,,85.12,,,,,73.14,,,,,77.39,,,,,85.96,,,,,92.62,,,,,92.17,52.01,,,,66.22,,,,,80.48,,,,,64.02,,,,,65.48,,,,,68.24,
Pacific island small states,,,,,,,,,,,,,,,,,,,,,,,,,,,,,,,,,,,,,,,,,,,,,,,,,,,,,,,,,,
French Polynesia,,,,,,,,,,,,,,,,,,,,,,,,,,,,,,,,,,,,,,,,,,,,,,,,,,,,,,,,,,
Qatar,,,,,,,,,,,,,,,,,,,,,,,,,,,,,,,,,,,,,,,,,,,,,,,,,,,,,,,,,,
Romania,,,,,,,,,,,,,,,,,,,,,,,,,,,,,,,,,,,,76.29,,,,76.01,,,,65.31,,,,58.51,,,,39.2,,,,41.76,,
Russian Federation,,,,,,,,,,,,,,,,,,,,,,,,,,,,,,,,,,,,,50,,64.73,,,,62.33,,,,55.67,,,,63.71,,,,60.1,,,
Rwanda,,,,,,,,,,,,,,,,,,,,,,,,,,,,,,,,,,,,,,,,,,,,,,,96.48,,,,,98.5,,,,,98.8,
South Asia,,,,,,,,,,,,,,,,,,,,,,,,,,,,,,,,,,,,,,,,,,,,,,,,,,,,,,,,,,
Saudi Arabia,,,,,,,,,,,,,,,,,,,,,,,,,,,,,,,,,,,,,,,,,,,,,,,,,,,,,,,,,,
Sudan,,,,,,,,,,,,59.86,,,,,,,,,,,,,,,,,,,,,,,,,,,,72.2,,,,,,,,,,,,,,,,,,
Senegal,,,,,,,,,,,,,,,,,,,,,,62.24,,,,,56,,,,,57.87,,,,,40.4,,,,,39.28,,,67.26,,,,,,34.75,,,,,36.67,,
Singapore,,,,,,,,,,,,94.09,,,,82.15,,,,95.1,,,,95.48,,,,95.59,,,,94.7,,,95.03,,,,,,95.91,,,,94.61,,,,,94.01,,,,,93.18,,,
Solomon Islands,,,,,,,,,,,,,,,,,,,,,,,,58.23,,,,,,,,,64.94,,,,63.61,,,,68.35,,,,61.88,,,,,56.95,,,,52.36,,,,89.93
Sierra Leone,,,,,,,,,,,,,,,,,,,,,,,,,,,,,,,,,,,,,,,,60.33,,,,,,83.26,,,,,75.8,,,,,79.28,,
El Salvador,,,,,,,,27.59,,32.38,,36.64,,41.65,,56.68,,,,,,47.18,,,,,,,,,,67.74,,,52.89,,,55.11,,,89.18,,,38.07,,,28.42,,,52.56,,,53.58,,,,,
San Marino,,,,,,,,,,,,,,,,,,79.7,,,,78.98,,,,,79.54,,,,,81.14,,,,,80.3,,,,,75.28,,,73.8,,,,,71.84,,68.48,,,,63.85,,
Somalia,,,,,,,,,,,,,,,,,,,,,,,,,,,,99.86,,,,,,,,,,,,,,,,,,,,,,,,,,,,,,
Serbia,,,,,,,,,,,,,,,,,,,,,,,,,,,,,,,,,,,,,,,,,,,,,,,,,,,60.57,61.35,,,,57.77,,53.09
Sub-Saharan Africa (developing only),,,,,,,,,,,,,,,,,,,,,,,,,,,,,,,,,,,,,,,,,,,,,,,,,,,,,,,,,,
South Sudan,,,,,,,,,,,,,,,,,,,,,,,,,,,,,,,,,,,,,,,,,,,,,,,,,,,,,,,,,,
Sub-Saharan Africa (all income levels),,,,,,,,,,,,,,,,,,,,,,,,,,,,,,,,,,,,,,,,,,,,,,,,,,,,,,,,,,
Small states,,,,,,,,,,,,,,,,,,,,,,,,,,,,,,,,,,,,,,,,,,,,,,,,,,,,,,,,,,
Sao Tome and Principe,,,,,,,,,,,,,,,,,,,,,,,,,,,,,,,,,,,76.74,,,52.09,,,,64.68,,,,66.29,,,,66.85,,,,88.45,,,,
Suriname,,,,,,,,,,,,,,,,,76.03,,,,77.77,,,,,,,,,,84.96,,,,64.31,,,,,66.66,,,,69.85,,,,,46.68,,,,,73.21,,,,
Slovak Republic,,,,,,,,,,,,,,,,,,,,,,,,,,,,,,,,,,96.33,,84.68,,75.41,,,,84.25,,,,70.07,,,,54.67,,,,58.84,,59.11,,
Slovenia,,,,,,,,,,,,,,,,,,,,,,,,,,,,,,,,,,,,85.9,,,,73.67,,,,70.36,,,,60.64,,,,63.1,,,65.6,,,51.73
Sweden,,,,85.91,,,,83.86,,,,89.29,,88.28,,,90.84,,,91.76,,,90.72,,,91.45,,,89.85,,,85.96,,,86.74,,,86.82,,,,81.39,,,,80.11,,,,81.99,,,,84.63,,,,85.81
Swaziland,,,,,,,,,,,,,,,,,,,,,,,,,,,,,,,,,,,,,,,,,,,,,,,,,,,,,,,,,,
Sint Maarten (Dutch part),,,,,,,,,,,,,,,,,,,,,,,,,,,,,,,,,,,,,,,,,,,,,,,,,,,,,,,,,,
Seychelles,,,,,,,,,,,,,,,,,,,,,,,,,,,,,,,,,,,,,86.52,,,,,86.73,,,,84.52,,,,,85.9,,,,,,,
Syrian Arab Republic,,,,,,,,,,,,,,,,,,,,,,,,,,,,,,,,,,,,,,61.17,,,,82.22,,,,,63.45,,,,56,,,,,51.26,,
Turks and Caicos Islands,,,,,,,,,,,,,,,,,,,,,,,,,,,,,,,,,,,,,,,,,,,,,,,,,,,,,,,,,,
Chad,,,,,,,,,,,,,,,,,,,,,,,,,,,,,,,,,,,,,,,,,50.14,,,,,52.4,,,,,,,,,56.6,,,
Togo,,,,,,,,,,,,,,,,,,,,,,,,,,,,,78.62,,,,,,,,,65.12,,,,,,,,67.43,,,,,84.92,,,,,,66.06,
Thailand,,,,,,,,,,,,,49.16,,,,,,47,43.69,,,,,,,50.76,,,61.4,,63.56,,,,59.28,,,62.04,62.39,,,,,69.95,,,,75.13,64.77,78.51,,,,75.03,,,46.79
Tajikistan,,,,,,,,,,,,,,,,,,,,,,,,,,,,,,,,,,,,,,,84,,,,,93.36,,,,,93.23,,,,,90.84,,,,
Turkmenistan,,,,,,,,,,,,,,,,,,,,,,,,,,,,,,,,,,,,,,,,,,,,,,,,76.88,,,,93.87,,,,,91.33,
Timor-Leste,,,,,,,,,,,,,,,,,,,,,,,,,,,,,,,,,,,,,,,,,,,,,86.03,,,,,,80.54,,,,,,,
Tonga,,,,,,,,,,,,,,,,,,,,,,,,,,,,,,,59.42,,,,,,58.81,,,56.09,,,50.75,,,,,,50.52,,,46.69,,90.85,,,,76.8
Trinidad and Tobago,,,,,88.11,,,,,65.79,,,,,33.17,,,,,55.83,,,,,56.43,,,,,65.45,,,,,65.76,,,,63.3,,,,,63.05,66.13,69.64,,,,,66.03,,,69.45,,,,
Tunisia,,,,,,,,,,,,,,,,,,,,,,,,,84.54,,,,,82.94,,,76.47,,,,,95.47,,,,,91.51,,,,,86.41,,,,,89.4,,86.4,,,67.43
Turkey,,,,,81.41,,,,,,,,64.35,,,,66.82,,,,70.41,,,,,,92.27,,,,93.28,,,,83.92,,,,85.2,,,,87.09,,,79.28,,,,,84.25,,,,87.59,,,
Tuvalu,,,,,,,,,,,,,,,,,,,,,78.83,,,,84.98,,,,,,,,,,,,,,,,,,,,,79.99,,,,,,,,,,,,
Tanzania,,,,,,,,,,,,,,,,,,,,,,,,,,,,,,,,,,,,,,,76.51,,,,,72.77,,,,,69.64,,,,,39.49,,,,
Uganda,,,,,,67.76,,,,,,,,,,,,,,,,,,85.3,,,,,,,,,,,,,,,,59.3,,,,,70.31,,,,,68,,,,,59.29,,,
Ukraine,,,,,,,,,,,,,,,,,,,,,,,,,,,,,,,,,,,,,,75.81,,,,70.65,,,,69.24,,,,67.19,62.03,,,,,57.4,,52.42
Upper middle income,,,,,,,,,,,,,,,,,,,,,,,,,,,,,,,,,,,,,,,,,,,,,,,,,,,,,,,,,,
Uruguay,,,,,,76.63,,,,74.28,,,,,91.9,,,,,,,,,,,,,87.87,,,,,88.67,,,,,91.44,,,,,91.71,,,,,89.62,,,,,89.91,,,,,89.62
United States,,,,,,,,,,,,89.66,,70.32,,79.85,,58.15,,77.64,,57.04,,76.53,,61.1,,74.63,,54.89,,72.48,,56.03,,78.02,,57.64,,65.97,,51.55,,63.76,,45.31,,68.75,,47.52,,64.36,,41.59,,67.95,,
Uzbekistan,,,,,,,,,,,,,,,,,,,,,,,,,,,,,,,,,,,,,,93.58,,,,,93.46,,,,,85.1,,,,,,87.76,,,,88.51
St. Vincent and the Grenadines,,,,,77.13,,,,,84.09,82.55,,,,,75.61,,63.24,,,,,63.9,,,,,88.81,,,,,72.38,,,,,65.61,,,,67.36,,,69.2,,,,63.68,,,,,62.33,,,,
"Venezuela, RB",,,,,,,90.84,,,,,94.51,,,,,96.52,,,,,87.56,,,,,87.75,,,,,81.65,,,,,60,,,,,52.65,,56.55,,,,,25.26,,,,,66.42,,,,
Virgin Islands (U.S.),,,,,,,,,,,,,,,,,,,,,,,,,,,,,,,,,,,,,,,,,,,,,,,,,,,,,,,,,,
Vietnam,,,,,,,,,,,,,,,,,,,,,,,,,,,,,,,,,,,,99.12,,,,,99.59,,,,,98.85,,,,,99.64,,,,99.51,,,
Vanuatu,,,,,,,,,,,,,,,,,,,,,,,,,,,74.9,,,,83,,,,71.3,,,,72.44,,,39.87,,,,63.47,,68.58,,,,70.38,,,,63.22,,
West Bank and Gaza,,,,,,,,,,,,,,,,,,,,,,,,,,,,,,,,,,,,,,,,,,,,,,,,,,,,,,,,,,
World,,,,,,,,,,,,,,,,,,,,,,,,,,,,,,,,,,,,,,,,,,,,,,,,,,,,,,,,,,
Samoa,,,,,,,,,,,,,,,,,,,,,,,,,,,,,,,,,,,78,,,,,86.35,,,,,82.54,,,,,,,,,,,,,
"Yemen, Rep.",,,,,,,,,,,,,,,,,,,,,,,,,,,,,,,,,,,,,80.74,,,,60.71,,,,,,74.98,,,,,,,,,,,
South Africa,,,,,,,,,,,,,,,,,,,,,,,,,,,,,,,,,,,,,,86.87,,,,,89.28,,,,,76.73,,,,,77.3,,,,,73.48
"Congo, Dem. Rep.",,,,,,,,,,,,,,,,,,,,,,,,,,,,,,,,,,,,,,,,,,,,,,,,,,70.29,,,,,59.05,,,
Zambia,,,,,,,,,,,,82.47,,,,,,,,,,,,,,,,,,,,,,,44.44,,,,,78.49,,,,,68.55,,,,,70.74,,,,,53.65,,,
Zimbabwe,,,,,,,,,,,,,,,,,,,,,,,63.89,,,,,,,,,,,,,,,,30.81,,,,,48.33,,,,,47.66,,,40.81,,,,,,
